DIV	Phylum	Class	Order	Family	Genus	Species
A6	Dinoflagellata	Dinophyceae	Suessiales	Symbiodiniaceae	clade A	A6
A3	Dinoflagellata	Dinophyceae	Suessiales	Symbiodiniaceae	clade A	A3
A3g	Dinoflagellata	Dinophyceae	Suessiales	Symbiodiniaceae	clade A	A3g
5624_A	Dinoflagellata	Dinophyceae	Suessiales	Symbiodiniaceae	clade A	5624_A
5592_A	Dinoflagellata	Dinophyceae	Suessiales	Symbiodiniaceae	clade A	5592_A
5591_A	Dinoflagellata	Dinophyceae	Suessiales	Symbiodiniaceae	clade A	5591_A
A1	Dinoflagellata	Dinophyceae	Suessiales	Symbiodiniaceae	clade A	A1
A6d	Dinoflagellata	Dinophyceae	Suessiales	Symbiodiniaceae	clade A	A6d
5599_A	Dinoflagellata	Dinophyceae	Suessiales	Symbiodiniaceae	clade A	5599_A
5605_A	Dinoflagellata	Dinophyceae	Suessiales	Symbiodiniaceae	clade A	5605_A
A5a	Dinoflagellata	Dinophyceae	Suessiales	Symbiodiniaceae	clade A	A5a
5595_A	Dinoflagellata	Dinophyceae	Suessiales	Symbiodiniaceae	clade A	5595_A
5601_A	Dinoflagellata	Dinophyceae	Suessiales	Symbiodiniaceae	clade A	5601_A
A13i	Dinoflagellata	Dinophyceae	Suessiales	Symbiodiniaceae	clade A	A13i
5625_A	Dinoflagellata	Dinophyceae	Suessiales	Symbiodiniaceae	clade A	5625_A
5598_A	Dinoflagellata	Dinophyceae	Suessiales	Symbiodiniaceae	clade A	5598_A
A4at	Dinoflagellata	Dinophyceae	Suessiales	Symbiodiniaceae	clade A	A4at
5603_A	Dinoflagellata	Dinophyceae	Suessiales	Symbiodiniaceae	clade A	5603_A
A6c	Dinoflagellata	Dinophyceae	Suessiales	Symbiodiniaceae	clade A	A6c
5817_A	Dinoflagellata	Dinophyceae	Suessiales	Symbiodiniaceae	clade A	5817_A
A1er	Dinoflagellata	Dinophyceae	Suessiales	Symbiodiniaceae	clade A	A1er
5632_A	Dinoflagellata	Dinophyceae	Suessiales	Symbiodiniaceae	clade A	5632_A
5593_A	Dinoflagellata	Dinophyceae	Suessiales	Symbiodiniaceae	clade A	5593_A
5634_A	Dinoflagellata	Dinophyceae	Suessiales	Symbiodiniaceae	clade A	5634_A
A6h	Dinoflagellata	Dinophyceae	Suessiales	Symbiodiniaceae	clade A	A6h
A3v	Dinoflagellata	Dinophyceae	Suessiales	Symbiodiniaceae	clade A	A3v
5626_A	Dinoflagellata	Dinophyceae	Suessiales	Symbiodiniaceae	clade A	5626_A
5630_A	Dinoflagellata	Dinophyceae	Suessiales	Symbiodiniaceae	clade A	5630_A
5627_A	Dinoflagellata	Dinophyceae	Suessiales	Symbiodiniaceae	clade A	5627_A
5596_A	Dinoflagellata	Dinophyceae	Suessiales	Symbiodiniaceae	clade A	5596_A
5609_A	Dinoflagellata	Dinophyceae	Suessiales	Symbiodiniaceae	clade A	5609_A
A3bt	Dinoflagellata	Dinophyceae	Suessiales	Symbiodiniaceae	clade A	A3bt
A3by	Dinoflagellata	Dinophyceae	Suessiales	Symbiodiniaceae	clade A	A3by
6052_A	Dinoflagellata	Dinophyceae	Suessiales	Symbiodiniaceae	clade A	6052_A
A3ai	Dinoflagellata	Dinophyceae	Suessiales	Symbiodiniaceae	clade A	A3ai
A3bb	Dinoflagellata	Dinophyceae	Suessiales	Symbiodiniaceae	clade A	A3bb
5669_A	Dinoflagellata	Dinophyceae	Suessiales	Symbiodiniaceae	clade A	5669_A
5597_A	Dinoflagellata	Dinophyceae	Suessiales	Symbiodiniaceae	clade A	5597_A
5594_A	Dinoflagellata	Dinophyceae	Suessiales	Symbiodiniaceae	clade A	5594_A
A1.2/A1kv	Dinoflagellata	Dinophyceae	Suessiales	Symbiodiniaceae	clade A	A1.2/A1kv
5670_A	Dinoflagellata	Dinophyceae	Suessiales	Symbiodiniaceae	clade A	5670_A
A3bs	Dinoflagellata	Dinophyceae	Suessiales	Symbiodiniaceae	clade A	A3bs
A3ar	Dinoflagellata	Dinophyceae	Suessiales	Symbiodiniaceae	clade A	A3ar
5765_A	Dinoflagellata	Dinophyceae	Suessiales	Symbiodiniaceae	clade A	5765_A
5838_A	Dinoflagellata	Dinophyceae	Suessiales	Symbiodiniaceae	clade A	5838_A
A3bf	Dinoflagellata	Dinophyceae	Suessiales	Symbiodiniaceae	clade A	A3bf
5819_A	Dinoflagellata	Dinophyceae	Suessiales	Symbiodiniaceae	clade A	5819_A
5771_A	Dinoflagellata	Dinophyceae	Suessiales	Symbiodiniaceae	clade A	5771_A
5602_A	Dinoflagellata	Dinophyceae	Suessiales	Symbiodiniaceae	clade A	5602_A
5746_A	Dinoflagellata	Dinophyceae	Suessiales	Symbiodiniaceae	clade A	5746_A
5633_A	Dinoflagellata	Dinophyceae	Suessiales	Symbiodiniaceae	clade A	5633_A
A3s	Dinoflagellata	Dinophyceae	Suessiales	Symbiodiniaceae	clade A	A3s
A2h	Dinoflagellata	Dinophyceae	Suessiales	Symbiodiniaceae	clade A	A2h
5818_A	Dinoflagellata	Dinophyceae	Suessiales	Symbiodiniaceae	clade A	5818_A
6053_A	Dinoflagellata	Dinophyceae	Suessiales	Symbiodiniaceae	clade A	6053_A
5699_A	Dinoflagellata	Dinophyceae	Suessiales	Symbiodiniaceae	clade A	5699_A
A6g	Dinoflagellata	Dinophyceae	Suessiales	Symbiodiniaceae	clade A	A6g
A1mj	Dinoflagellata	Dinophyceae	Suessiales	Symbiodiniaceae	clade A	A1mj
5628_A	Dinoflagellata	Dinophyceae	Suessiales	Symbiodiniaceae	clade A	5628_A
A3bq	Dinoflagellata	Dinophyceae	Suessiales	Symbiodiniaceae	clade A	A3bq
5872_A	Dinoflagellata	Dinophyceae	Suessiales	Symbiodiniaceae	clade A	5872_A
5697_A	Dinoflagellata	Dinophyceae	Suessiales	Symbiodiniaceae	clade A	5697_A
5604_A	Dinoflagellata	Dinophyceae	Suessiales	Symbiodiniaceae	clade A	5604_A
5695_A	Dinoflagellata	Dinophyceae	Suessiales	Symbiodiniaceae	clade A	5695_A
A3r	Dinoflagellata	Dinophyceae	Suessiales	Symbiodiniaceae	clade A	A3r
5883_A	Dinoflagellata	Dinophyceae	Suessiales	Symbiodiniaceae	clade A	5883_A
5696_A	Dinoflagellata	Dinophyceae	Suessiales	Symbiodiniaceae	clade A	5696_A
A1di	Dinoflagellata	Dinophyceae	Suessiales	Symbiodiniaceae	clade A	A1di
5759_A	Dinoflagellata	Dinophyceae	Suessiales	Symbiodiniaceae	clade A	5759_A
5747_A	Dinoflagellata	Dinophyceae	Suessiales	Symbiodiniaceae	clade A	5747_A
5873_A	Dinoflagellata	Dinophyceae	Suessiales	Symbiodiniaceae	clade A	5873_A
5730_A	Dinoflagellata	Dinophyceae	Suessiales	Symbiodiniaceae	clade A	5730_A
5726_A	Dinoflagellata	Dinophyceae	Suessiales	Symbiodiniaceae	clade A	5726_A
5701_A	Dinoflagellata	Dinophyceae	Suessiales	Symbiodiniaceae	clade A	5701_A
5910_A	Dinoflagellata	Dinophyceae	Suessiales	Symbiodiniaceae	clade A	5910_A
5727_A	Dinoflagellata	Dinophyceae	Suessiales	Symbiodiniaceae	clade A	5727_A
A2e	Dinoflagellata	Dinophyceae	Suessiales	Symbiodiniaceae	clade A	A2e
5930_A	Dinoflagellata	Dinophyceae	Suessiales	Symbiodiniaceae	clade A	5930_A
5698_A	Dinoflagellata	Dinophyceae	Suessiales	Symbiodiniaceae	clade A	5698_A
5911_A	Dinoflagellata	Dinophyceae	Suessiales	Symbiodiniaceae	clade A	5911_A
6047_A	Dinoflagellata	Dinophyceae	Suessiales	Symbiodiniaceae	clade A	6047_A
5729_A	Dinoflagellata	Dinophyceae	Suessiales	Symbiodiniaceae	clade A	5729_A
5876_A	Dinoflagellata	Dinophyceae	Suessiales	Symbiodiniaceae	clade A	5876_A
5600_A	Dinoflagellata	Dinophyceae	Suessiales	Symbiodiniaceae	clade A	5600_A
5898_A	Dinoflagellata	Dinophyceae	Suessiales	Symbiodiniaceae	clade A	5898_A
5839_A	Dinoflagellata	Dinophyceae	Suessiales	Symbiodiniaceae	clade A	5839_A
A3aq	Dinoflagellata	Dinophyceae	Suessiales	Symbiodiniaceae	clade A	A3aq
6024_A	Dinoflagellata	Dinophyceae	Suessiales	Symbiodiniaceae	clade A	6024_A
A2j	Dinoflagellata	Dinophyceae	Suessiales	Symbiodiniaceae	clade A	A2j
A2af	Dinoflagellata	Dinophyceae	Suessiales	Symbiodiniaceae	clade A	A2af
5840_A	Dinoflagellata	Dinophyceae	Suessiales	Symbiodiniaceae	clade A	5840_A
6048_A	Dinoflagellata	Dinophyceae	Suessiales	Symbiodiniaceae	clade A	6048_A
5728_A	Dinoflagellata	Dinophyceae	Suessiales	Symbiodiniaceae	clade A	5728_A
5629_A	Dinoflagellata	Dinophyceae	Suessiales	Symbiodiniaceae	clade A	5629_A
5931_A	Dinoflagellata	Dinophyceae	Suessiales	Symbiodiniaceae	clade A	5931_A
6043_A	Dinoflagellata	Dinophyceae	Suessiales	Symbiodiniaceae	clade A	6043_A
A1nc	Dinoflagellata	Dinophyceae	Suessiales	Symbiodiniaceae	clade A	A1nc
6025_A	Dinoflagellata	Dinophyceae	Suessiales	Symbiodiniaceae	clade A	6025_A
5900_A	Dinoflagellata	Dinophyceae	Suessiales	Symbiodiniaceae	clade A	5900_A
5899_A	Dinoflagellata	Dinophyceae	Suessiales	Symbiodiniaceae	clade A	5899_A
5637_A	Dinoflagellata	Dinophyceae	Suessiales	Symbiodiniaceae	clade A	5637_A
6049_A	Dinoflagellata	Dinophyceae	Suessiales	Symbiodiniaceae	clade A	6049_A
5631_A	Dinoflagellata	Dinophyceae	Suessiales	Symbiodiniaceae	clade A	5631_A
A1f	Dinoflagellata	Dinophyceae	Suessiales	Symbiodiniaceae	clade A	A1f
5875_A	Dinoflagellata	Dinophyceae	Suessiales	Symbiodiniaceae	clade A	5875_A
5874_A	Dinoflagellata	Dinophyceae	Suessiales	Symbiodiniaceae	clade A	5874_A
5912_A	Dinoflagellata	Dinophyceae	Suessiales	Symbiodiniaceae	clade A	5912_A
5842_A	Dinoflagellata	Dinophyceae	Suessiales	Symbiodiniaceae	clade A	5842_A
5841_A	Dinoflagellata	Dinophyceae	Suessiales	Symbiodiniaceae	clade A	5841_A
5767_A	Dinoflagellata	Dinophyceae	Suessiales	Symbiodiniaceae	clade A	5767_A
6056_A	Dinoflagellata	Dinophyceae	Suessiales	Symbiodiniaceae	clade A	6056_A
5901_A	Dinoflagellata	Dinophyceae	Suessiales	Symbiodiniaceae	clade A	5901_A
6026_A	Dinoflagellata	Dinophyceae	Suessiales	Symbiodiniaceae	clade A	6026_A
5635_A	Dinoflagellata	Dinophyceae	Suessiales	Symbiodiniaceae	clade A	5635_A
94209_A	Dinoflagellata	Dinophyceae	Suessiales	Symbiodiniaceae	clade A	94209_A
94208_A	Dinoflagellata	Dinophyceae	Suessiales	Symbiodiniaceae	clade A	94208_A
5636_A	Dinoflagellata	Dinophyceae	Suessiales	Symbiodiniaceae	clade A	5636_A
5902_A	Dinoflagellata	Dinophyceae	Suessiales	Symbiodiniaceae	clade A	5902_A
5945_A	Dinoflagellata	Dinophyceae	Suessiales	Symbiodiniaceae	clade A	5945_A
5877_A	Dinoflagellata	Dinophyceae	Suessiales	Symbiodiniaceae	clade A	5877_A
13997_A	Dinoflagellata	Dinophyceae	Suessiales	Symbiodiniaceae	clade A	13997_A
5903_A	Dinoflagellata	Dinophyceae	Suessiales	Symbiodiniaceae	clade A	5903_A
5761_A	Dinoflagellata	Dinophyceae	Suessiales	Symbiodiniaceae	clade A	5761_A
5760_A	Dinoflagellata	Dinophyceae	Suessiales	Symbiodiniaceae	clade A	5760_A
5700_A	Dinoflagellata	Dinophyceae	Suessiales	Symbiodiniaceae	clade A	5700_A
5843_A	Dinoflagellata	Dinophyceae	Suessiales	Symbiodiniaceae	clade A	5843_A
5763_A	Dinoflagellata	Dinophyceae	Suessiales	Symbiodiniaceae	clade A	5763_A
5762_A	Dinoflagellata	Dinophyceae	Suessiales	Symbiodiniaceae	clade A	5762_A
6027_A	Dinoflagellata	Dinophyceae	Suessiales	Symbiodiniaceae	clade A	6027_A
5904_A	Dinoflagellata	Dinophyceae	Suessiales	Symbiodiniaceae	clade A	5904_A
5766_A	Dinoflagellata	Dinophyceae	Suessiales	Symbiodiniaceae	clade A	5766_A
A1in	Dinoflagellata	Dinophyceae	Suessiales	Symbiodiniaceae	clade A	A1in
5768_A	Dinoflagellata	Dinophyceae	Suessiales	Symbiodiniaceae	clade A	5768_A
6007_A	Dinoflagellata	Dinophyceae	Suessiales	Symbiodiniaceae	clade A	6007_A
5906_A	Dinoflagellata	Dinophyceae	Suessiales	Symbiodiniaceae	clade A	5906_A
5905_A	Dinoflagellata	Dinophyceae	Suessiales	Symbiodiniaceae	clade A	5905_A
6008_A	Dinoflagellata	Dinophyceae	Suessiales	Symbiodiniaceae	clade A	6008_A
5914_A	Dinoflagellata	Dinophyceae	Suessiales	Symbiodiniaceae	clade A	5914_A
5913_A	Dinoflagellata	Dinophyceae	Suessiales	Symbiodiniaceae	clade A	5913_A
94210_A	Dinoflagellata	Dinophyceae	Suessiales	Symbiodiniaceae	clade A	94210_A
94218_A	Dinoflagellata	Dinophyceae	Suessiales	Symbiodiniaceae	clade A	94218_A
94211_A	Dinoflagellata	Dinophyceae	Suessiales	Symbiodiniaceae	clade A	94211_A
6009_A	Dinoflagellata	Dinophyceae	Suessiales	Symbiodiniaceae	clade A	6009_A
5702_A	Dinoflagellata	Dinophyceae	Suessiales	Symbiodiniaceae	clade A	5702_A
6010_A	Dinoflagellata	Dinophyceae	Suessiales	Symbiodiniaceae	clade A	6010_A
A1m	Dinoflagellata	Dinophyceae	Suessiales	Symbiodiniaceae	clade A	A1m
5769_A	Dinoflagellata	Dinophyceae	Suessiales	Symbiodiniaceae	clade A	5769_A
6011_A	Dinoflagellata	Dinophyceae	Suessiales	Symbiodiniaceae	clade A	6011_A
24351_A	Dinoflagellata	Dinophyceae	Suessiales	Symbiodiniaceae	clade A	24351_A
5982_A	Dinoflagellata	Dinophyceae	Suessiales	Symbiodiniaceae	clade A	5982_A
5978_A	Dinoflagellata	Dinophyceae	Suessiales	Symbiodiniaceae	clade A	5978_A
A1dh	Dinoflagellata	Dinophyceae	Suessiales	Symbiodiniaceae	clade A	A1dh
5979_A	Dinoflagellata	Dinophyceae	Suessiales	Symbiodiniaceae	clade A	5979_A
5671_A	Dinoflagellata	Dinophyceae	Suessiales	Symbiodiniaceae	clade A	5671_A
5980_A	Dinoflagellata	Dinophyceae	Suessiales	Symbiodiniaceae	clade A	5980_A
5981_A	Dinoflagellata	Dinophyceae	Suessiales	Symbiodiniaceae	clade A	5981_A
B1	Dinoflagellata	Dinophyceae	Suessiales	Symbiodiniaceae	clade B	B1
C1	Dinoflagellata	Dinophyceae	Suessiales	Symbiodiniaceae	clade C	C1
C15	Dinoflagellata	Dinophyceae	Suessiales	Symbiodiniaceae	clade C	C15
C1b	Dinoflagellata	Dinophyceae	Suessiales	Symbiodiniaceae	clade C	C1b
C1g	Dinoflagellata	Dinophyceae	Suessiales	Symbiodiniaceae	clade C	C1g
C21dp	Dinoflagellata	Dinophyceae	Suessiales	Symbiodiniaceae	clade C	C21dp
C1c	Dinoflagellata	Dinophyceae	Suessiales	Symbiodiniaceae	clade C	C1c
C3	Dinoflagellata	Dinophyceae	Suessiales	Symbiodiniaceae	clade C	C3
C1by	Dinoflagellata	Dinophyceae	Suessiales	Symbiodiniaceae	clade C	C1by
C39	Dinoflagellata	Dinophyceae	Suessiales	Symbiodiniaceae	clade C	C39
5718_C	Dinoflagellata	Dinophyceae	Suessiales	Symbiodiniaceae	clade C	5718_C
C15bn	Dinoflagellata	Dinophyceae	Suessiales	Symbiodiniaceae	clade C	C15bn
C3ju	Dinoflagellata	Dinophyceae	Suessiales	Symbiodiniaceae	clade C	C3ju
5778_C	Dinoflagellata	Dinophyceae	Suessiales	Symbiodiniaceae	clade C	5778_C
C1ai	Dinoflagellata	Dinophyceae	Suessiales	Symbiodiniaceae	clade C	C1ai
C21	Dinoflagellata	Dinophyceae	Suessiales	Symbiodiniaceae	clade C	C21
C41	Dinoflagellata	Dinophyceae	Suessiales	Symbiodiniaceae	clade C	C41
C1ae	Dinoflagellata	Dinophyceae	Suessiales	Symbiodiniaceae	clade C	C1ae
C1w	Dinoflagellata	Dinophyceae	Suessiales	Symbiodiniaceae	clade C	C1w
C72k	Dinoflagellata	Dinophyceae	Suessiales	Symbiodiniaceae	clade C	C72k
C42.2	Dinoflagellata	Dinophyceae	Suessiales	Symbiodiniaceae	clade C	C42.2
C1al	Dinoflagellata	Dinophyceae	Suessiales	Symbiodiniaceae	clade C	C1al
C4a	Dinoflagellata	Dinophyceae	Suessiales	Symbiodiniaceae	clade C	C4a
C1ge	Dinoflagellata	Dinophyceae	Suessiales	Symbiodiniaceae	clade C	C1ge
C15by	Dinoflagellata	Dinophyceae	Suessiales	Symbiodiniaceae	clade C	C15by
C42a	Dinoflagellata	Dinophyceae	Suessiales	Symbiodiniaceae	clade C	C42a
5779_C	Dinoflagellata	Dinophyceae	Suessiales	Symbiodiniaceae	clade C	5779_C
5580_C	Dinoflagellata	Dinophyceae	Suessiales	Symbiodiniaceae	clade C	5580_C
5780_C	Dinoflagellata	Dinophyceae	Suessiales	Symbiodiniaceae	clade C	5780_C
5781_C	Dinoflagellata	Dinophyceae	Suessiales	Symbiodiniaceae	clade C	5781_C
5576_C	Dinoflagellata	Dinophyceae	Suessiales	Symbiodiniaceae	clade C	5576_C
5782_C	Dinoflagellata	Dinophyceae	Suessiales	Symbiodiniaceae	clade C	5782_C
5577_C	Dinoflagellata	Dinophyceae	Suessiales	Symbiodiniaceae	clade C	5577_C
5579_C	Dinoflagellata	Dinophyceae	Suessiales	Symbiodiniaceae	clade C	5579_C
5578_C	Dinoflagellata	Dinophyceae	Suessiales	Symbiodiniaceae	clade C	5578_C
5772_C	Dinoflagellata	Dinophyceae	Suessiales	Symbiodiniaceae	clade C	5772_C
C91o	Dinoflagellata	Dinophyceae	Suessiales	Symbiodiniaceae	clade C	C91o
5610_C	Dinoflagellata	Dinophyceae	Suessiales	Symbiodiniaceae	clade C	5610_C
5662_C	Dinoflagellata	Dinophyceae	Suessiales	Symbiodiniaceae	clade C	5662_C
5783_C	Dinoflagellata	Dinophyceae	Suessiales	Symbiodiniaceae	clade C	5783_C
C15ku	Dinoflagellata	Dinophyceae	Suessiales	Symbiodiniaceae	clade C	C15ku
C21ac	Dinoflagellata	Dinophyceae	Suessiales	Symbiodiniaceae	clade C	C21ac
C15kv	Dinoflagellata	Dinophyceae	Suessiales	Symbiodiniaceae	clade C	C15kv
C15kt	Dinoflagellata	Dinophyceae	Suessiales	Symbiodiniaceae	clade C	C15kt
C39ae	Dinoflagellata	Dinophyceae	Suessiales	Symbiodiniaceae	clade C	C39ae
C1bh	Dinoflagellata	Dinophyceae	Suessiales	Symbiodiniaceae	clade C	C1bh
C92	Dinoflagellata	Dinophyceae	Suessiales	Symbiodiniaceae	clade C	C92
5689_C	Dinoflagellata	Dinophyceae	Suessiales	Symbiodiniaceae	clade C	5689_C
C1jx	Dinoflagellata	Dinophyceae	Suessiales	Symbiodiniaceae	clade C	C1jx
5966_C	Dinoflagellata	Dinophyceae	Suessiales	Symbiodiniaceae	clade C	5966_C
5614_C	Dinoflagellata	Dinophyceae	Suessiales	Symbiodiniaceae	clade C	5614_C
C15en	Dinoflagellata	Dinophyceae	Suessiales	Symbiodiniaceae	clade C	C15en
5582_C	Dinoflagellata	Dinophyceae	Suessiales	Symbiodiniaceae	clade C	5582_C
C3ew	Dinoflagellata	Dinophyceae	Suessiales	Symbiodiniaceae	clade C	C3ew
C15cr	Dinoflagellata	Dinophyceae	Suessiales	Symbiodiniaceae	clade C	C15cr
C3sa	Dinoflagellata	Dinophyceae	Suessiales	Symbiodiniaceae	clade C	C3sa
C1br	Dinoflagellata	Dinophyceae	Suessiales	Symbiodiniaceae	clade C	C1br
C50c	Dinoflagellata	Dinophyceae	Suessiales	Symbiodiniaceae	clade C	C50c
C15ai	Dinoflagellata	Dinophyceae	Suessiales	Symbiodiniaceae	clade C	C15ai
C15h	Dinoflagellata	Dinophyceae	Suessiales	Symbiodiniaceae	clade C	C15h
C15pm	Dinoflagellata	Dinophyceae	Suessiales	Symbiodiniaceae	clade C	C15pm
5961_C	Dinoflagellata	Dinophyceae	Suessiales	Symbiodiniaceae	clade C	5961_C
C66	Dinoflagellata	Dinophyceae	Suessiales	Symbiodiniaceae	clade C	C66
C15cn	Dinoflagellata	Dinophyceae	Suessiales	Symbiodiniaceae	clade C	C15cn
C1t	Dinoflagellata	Dinophyceae	Suessiales	Symbiodiniaceae	clade C	C1t
C15dq	Dinoflagellata	Dinophyceae	Suessiales	Symbiodiniaceae	clade C	C15dq
C50a	Dinoflagellata	Dinophyceae	Suessiales	Symbiodiniaceae	clade C	C50a
C15ay	Dinoflagellata	Dinophyceae	Suessiales	Symbiodiniaceae	clade C	C15ay
C3mg	Dinoflagellata	Dinophyceae	Suessiales	Symbiodiniaceae	clade C	C3mg
C1n	Dinoflagellata	Dinophyceae	Suessiales	Symbiodiniaceae	clade C	C1n
C42au	Dinoflagellata	Dinophyceae	Suessiales	Symbiodiniaceae	clade C	C42au
C1cu	Dinoflagellata	Dinophyceae	Suessiales	Symbiodiniaceae	clade C	C1cu
C15ks	Dinoflagellata	Dinophyceae	Suessiales	Symbiodiniaceae	clade C	C15ks
C31	Dinoflagellata	Dinophyceae	Suessiales	Symbiodiniaceae	clade C	C31
5916_C	Dinoflagellata	Dinophyceae	Suessiales	Symbiodiniaceae	clade C	5916_C
C1cb	Dinoflagellata	Dinophyceae	Suessiales	Symbiodiniaceae	clade C	C1cb
C21k	Dinoflagellata	Dinophyceae	Suessiales	Symbiodiniaceae	clade C	C21k
5784_C	Dinoflagellata	Dinophyceae	Suessiales	Symbiodiniaceae	clade C	5784_C
C3co	Dinoflagellata	Dinophyceae	Suessiales	Symbiodiniaceae	clade C	C3co
5583_C	Dinoflagellata	Dinophyceae	Suessiales	Symbiodiniaceae	clade C	5583_C
5615_C	Dinoflagellata	Dinophyceae	Suessiales	Symbiodiniaceae	clade C	5615_C
C1lx	Dinoflagellata	Dinophyceae	Suessiales	Symbiodiniaceae	clade C	C1lx
5773_C	Dinoflagellata	Dinophyceae	Suessiales	Symbiodiniaceae	clade C	5773_C
5607_C	Dinoflagellata	Dinophyceae	Suessiales	Symbiodiniaceae	clade C	5607_C
5690_C	Dinoflagellata	Dinophyceae	Suessiales	Symbiodiniaceae	clade C	5690_C
5703_C	Dinoflagellata	Dinophyceae	Suessiales	Symbiodiniaceae	clade C	5703_C
5735_C	Dinoflagellata	Dinophyceae	Suessiales	Symbiodiniaceae	clade C	5735_C
C91	Dinoflagellata	Dinophyceae	Suessiales	Symbiodiniaceae	clade C	C91
5785_C	Dinoflagellata	Dinophyceae	Suessiales	Symbiodiniaceae	clade C	5785_C
5786_C	Dinoflagellata	Dinophyceae	Suessiales	Symbiodiniaceae	clade C	5786_C
5923_C	Dinoflagellata	Dinophyceae	Suessiales	Symbiodiniaceae	clade C	5923_C
C15bb	Dinoflagellata	Dinophyceae	Suessiales	Symbiodiniaceae	clade C	C15bb
C3pr	Dinoflagellata	Dinophyceae	Suessiales	Symbiodiniaceae	clade C	C3pr
5774_C	Dinoflagellata	Dinophyceae	Suessiales	Symbiodiniaceae	clade C	5774_C
5922_C	Dinoflagellata	Dinophyceae	Suessiales	Symbiodiniaceae	clade C	5922_C
C3v	Dinoflagellata	Dinophyceae	Suessiales	Symbiodiniaceae	clade C	C3v
C15cq	Dinoflagellata	Dinophyceae	Suessiales	Symbiodiniaceae	clade C	C15cq
C15rm	Dinoflagellata	Dinophyceae	Suessiales	Symbiodiniaceae	clade C	C15rm
C15jl	Dinoflagellata	Dinophyceae	Suessiales	Symbiodiniaceae	clade C	C15jl
5962_C	Dinoflagellata	Dinophyceae	Suessiales	Symbiodiniaceae	clade C	5962_C
5787_C	Dinoflagellata	Dinophyceae	Suessiales	Symbiodiniaceae	clade C	5787_C
5989_C	Dinoflagellata	Dinophyceae	Suessiales	Symbiodiniaceae	clade C	5989_C
5777_C	Dinoflagellata	Dinophyceae	Suessiales	Symbiodiniaceae	clade C	5777_C
C3db	Dinoflagellata	Dinophyceae	Suessiales	Symbiodiniaceae	clade C	C3db
5649_C	Dinoflagellata	Dinophyceae	Suessiales	Symbiodiniaceae	clade C	5649_C
C15e	Dinoflagellata	Dinophyceae	Suessiales	Symbiodiniaceae	clade C	C15e
5995_C	Dinoflagellata	Dinophyceae	Suessiales	Symbiodiniaceae	clade C	5995_C
C1bp	Dinoflagellata	Dinophyceae	Suessiales	Symbiodiniaceae	clade C	C1bp
5788_C	Dinoflagellata	Dinophyceae	Suessiales	Symbiodiniaceae	clade C	5788_C
5920_C	Dinoflagellata	Dinophyceae	Suessiales	Symbiodiniaceae	clade C	5920_C
5650_C	Dinoflagellata	Dinophyceae	Suessiales	Symbiodiniaceae	clade C	5650_C
5790_C	Dinoflagellata	Dinophyceae	Suessiales	Symbiodiniaceae	clade C	5790_C
C15pr	Dinoflagellata	Dinophyceae	Suessiales	Symbiodiniaceae	clade C	C15pr
5950_C	Dinoflagellata	Dinophyceae	Suessiales	Symbiodiniaceae	clade C	5950_C
5963_C	Dinoflagellata	Dinophyceae	Suessiales	Symbiodiniaceae	clade C	5963_C
5997_C	Dinoflagellata	Dinophyceae	Suessiales	Symbiodiniaceae	clade C	5997_C
5921_C	Dinoflagellata	Dinophyceae	Suessiales	Symbiodiniaceae	clade C	5921_C
5638_C	Dinoflagellata	Dinophyceae	Suessiales	Symbiodiniaceae	clade C	5638_C
C3ym	Dinoflagellata	Dinophyceae	Suessiales	Symbiodiniaceae	clade C	C3ym
C3ih	Dinoflagellata	Dinophyceae	Suessiales	Symbiodiniaceae	clade C	C3ih
C1l	Dinoflagellata	Dinophyceae	Suessiales	Symbiodiniaceae	clade C	C1l
C15he	Dinoflagellata	Dinophyceae	Suessiales	Symbiodiniaceae	clade C	C15he
C15jk	Dinoflagellata	Dinophyceae	Suessiales	Symbiodiniaceae	clade C	C15jk
5651_C	Dinoflagellata	Dinophyceae	Suessiales	Symbiodiniaceae	clade C	5651_C
5791_C	Dinoflagellata	Dinophyceae	Suessiales	Symbiodiniaceae	clade C	5791_C
5640_C	Dinoflagellata	Dinophyceae	Suessiales	Symbiodiniaceae	clade C	5640_C
1351_C	Dinoflagellata	Dinophyceae	Suessiales	Symbiodiniaceae	clade C	1351_C
C1j	Dinoflagellata	Dinophyceae	Suessiales	Symbiodiniaceae	clade C	C1j
C1x	Dinoflagellata	Dinophyceae	Suessiales	Symbiodiniaceae	clade C	C1x
C15ch	Dinoflagellata	Dinophyceae	Suessiales	Symbiodiniaceae	clade C	C15ch
5616_C	Dinoflagellata	Dinophyceae	Suessiales	Symbiodiniaceae	clade C	5616_C
5775_C	Dinoflagellata	Dinophyceae	Suessiales	Symbiodiniaceae	clade C	5775_C
5789_C	Dinoflagellata	Dinophyceae	Suessiales	Symbiodiniaceae	clade C	5789_C
C3mk	Dinoflagellata	Dinophyceae	Suessiales	Symbiodiniaceae	clade C	C3mk
5678_C	Dinoflagellata	Dinophyceae	Suessiales	Symbiodiniaceae	clade C	5678_C
5639_C	Dinoflagellata	Dinophyceae	Suessiales	Symbiodiniaceae	clade C	5639_C
5915_C	Dinoflagellata	Dinophyceae	Suessiales	Symbiodiniaceae	clade C	5915_C
C1hq	Dinoflagellata	Dinophyceae	Suessiales	Symbiodiniaceae	clade C	C1hq
5878_C	Dinoflagellata	Dinophyceae	Suessiales	Symbiodiniaceae	clade C	5878_C
5752_C	Dinoflagellata	Dinophyceae	Suessiales	Symbiodiniaceae	clade C	5752_C
6058_C	Dinoflagellata	Dinophyceae	Suessiales	Symbiodiniaceae	clade C	6058_C
5581_C	Dinoflagellata	Dinophyceae	Suessiales	Symbiodiniaceae	clade C	5581_C
6059_C	Dinoflagellata	Dinophyceae	Suessiales	Symbiodiniaceae	clade C	6059_C
6060_C	Dinoflagellata	Dinophyceae	Suessiales	Symbiodiniaceae	clade C	6060_C
6061_C	Dinoflagellata	Dinophyceae	Suessiales	Symbiodiniaceae	clade C	6061_C
5993_C	Dinoflagellata	Dinophyceae	Suessiales	Symbiodiniaceae	clade C	5993_C
C39u	Dinoflagellata	Dinophyceae	Suessiales	Symbiodiniaceae	clade C	C39u
5652_C	Dinoflagellata	Dinophyceae	Suessiales	Symbiodiniaceae	clade C	5652_C
5691_C	Dinoflagellata	Dinophyceae	Suessiales	Symbiodiniaceae	clade C	5691_C
C1d	Dinoflagellata	Dinophyceae	Suessiales	Symbiodiniaceae	clade C	C1d
6062_C	Dinoflagellata	Dinophyceae	Suessiales	Symbiodiniaceae	clade C	6062_C
5964_C	Dinoflagellata	Dinophyceae	Suessiales	Symbiodiniaceae	clade C	5964_C
5917_C	Dinoflagellata	Dinophyceae	Suessiales	Symbiodiniaceae	clade C	5917_C
5996_C	Dinoflagellata	Dinophyceae	Suessiales	Symbiodiniaceae	clade C	5996_C
5967_C	Dinoflagellata	Dinophyceae	Suessiales	Symbiodiniaceae	clade C	5967_C
5918_C	Dinoflagellata	Dinophyceae	Suessiales	Symbiodiniaceae	clade C	5918_C
5951_C	Dinoflagellata	Dinophyceae	Suessiales	Symbiodiniaceae	clade C	5951_C
5653_C	Dinoflagellata	Dinophyceae	Suessiales	Symbiodiniaceae	clade C	5653_C
5983_C	Dinoflagellata	Dinophyceae	Suessiales	Symbiodiniaceae	clade C	5983_C
C15or	Dinoflagellata	Dinophyceae	Suessiales	Symbiodiniaceae	clade C	C15or
5952_C	Dinoflagellata	Dinophyceae	Suessiales	Symbiodiniaceae	clade C	5952_C
5919_C	Dinoflagellata	Dinophyceae	Suessiales	Symbiodiniaceae	clade C	5919_C
5879_C	Dinoflagellata	Dinophyceae	Suessiales	Symbiodiniaceae	clade C	5879_C
5953_C	Dinoflagellata	Dinophyceae	Suessiales	Symbiodiniaceae	clade C	5953_C
C15dt	Dinoflagellata	Dinophyceae	Suessiales	Symbiodiniaceae	clade C	C15dt
C15qx	Dinoflagellata	Dinophyceae	Suessiales	Symbiodiniaceae	clade C	C15qx
C3fw	Dinoflagellata	Dinophyceae	Suessiales	Symbiodiniaceae	clade C	C3fw
5776_C	Dinoflagellata	Dinophyceae	Suessiales	Symbiodiniaceae	clade C	5776_C
C15mc	Dinoflagellata	Dinophyceae	Suessiales	Symbiodiniaceae	clade C	C15mc
5825_C	Dinoflagellata	Dinophyceae	Suessiales	Symbiodiniaceae	clade C	5825_C
C3.14/C3te	Dinoflagellata	Dinophyceae	Suessiales	Symbiodiniaceae	clade C	C3.14/C3te
5880_C	Dinoflagellata	Dinophyceae	Suessiales	Symbiodiniaceae	clade C	5880_C
6063_C	Dinoflagellata	Dinophyceae	Suessiales	Symbiodiniaceae	clade C	6063_C
5881_C	Dinoflagellata	Dinophyceae	Suessiales	Symbiodiniaceae	clade C	5881_C
C92a	Dinoflagellata	Dinophyceae	Suessiales	Symbiodiniaceae	clade C	C92a
5990_C	Dinoflagellata	Dinophyceae	Suessiales	Symbiodiniaceae	clade C	5990_C
C15er	Dinoflagellata	Dinophyceae	Suessiales	Symbiodiniaceae	clade C	C15er
5731_C	Dinoflagellata	Dinophyceae	Suessiales	Symbiodiniaceae	clade C	5731_C
6064_C	Dinoflagellata	Dinophyceae	Suessiales	Symbiodiniaceae	clade C	6064_C
5965_C	Dinoflagellata	Dinophyceae	Suessiales	Symbiodiniaceae	clade C	5965_C
C1kv	Dinoflagellata	Dinophyceae	Suessiales	Symbiodiniaceae	clade C	C1kv
5882_C	Dinoflagellata	Dinophyceae	Suessiales	Symbiodiniaceae	clade C	5882_C
5988_C	Dinoflagellata	Dinophyceae	Suessiales	Symbiodiniaceae	clade C	5988_C
5732_C	Dinoflagellata	Dinophyceae	Suessiales	Symbiodiniaceae	clade C	5732_C
5654_C	Dinoflagellata	Dinophyceae	Suessiales	Symbiodiniaceae	clade C	5654_C
5968_C	Dinoflagellata	Dinophyceae	Suessiales	Symbiodiniaceae	clade C	5968_C
6045_C	Dinoflagellata	Dinophyceae	Suessiales	Symbiodiniaceae	clade C	6045_C
C3lk	Dinoflagellata	Dinophyceae	Suessiales	Symbiodiniaceae	clade C	C3lk
5733_C	Dinoflagellata	Dinophyceae	Suessiales	Symbiodiniaceae	clade C	5733_C
5719_C	Dinoflagellata	Dinophyceae	Suessiales	Symbiodiniaceae	clade C	5719_C
5737_C	Dinoflagellata	Dinophyceae	Suessiales	Symbiodiniaceae	clade C	5737_C
6036_C	Dinoflagellata	Dinophyceae	Suessiales	Symbiodiniaceae	clade C	6036_C
5704_C	Dinoflagellata	Dinophyceae	Suessiales	Symbiodiniaceae	clade C	5704_C
C62	Dinoflagellata	Dinophyceae	Suessiales	Symbiodiniaceae	clade C	C62
C42b	Dinoflagellata	Dinophyceae	Suessiales	Symbiodiniaceae	clade C	C42b
5991_C	Dinoflagellata	Dinophyceae	Suessiales	Symbiodiniaceae	clade C	5991_C
5705_C	Dinoflagellata	Dinophyceae	Suessiales	Symbiodiniaceae	clade C	5705_C
C1bo	Dinoflagellata	Dinophyceae	Suessiales	Symbiodiniaceae	clade C	C1bo
6046_C	Dinoflagellata	Dinophyceae	Suessiales	Symbiodiniaceae	clade C	6046_C
5706_C	Dinoflagellata	Dinophyceae	Suessiales	Symbiodiniaceae	clade C	5706_C
5707_C	Dinoflagellata	Dinophyceae	Suessiales	Symbiodiniaceae	clade C	5707_C
6037_C	Dinoflagellata	Dinophyceae	Suessiales	Symbiodiniaceae	clade C	6037_C
5985_C	Dinoflagellata	Dinophyceae	Suessiales	Symbiodiniaceae	clade C	5985_C
5984_C	Dinoflagellata	Dinophyceae	Suessiales	Symbiodiniaceae	clade C	5984_C
5661_C	Dinoflagellata	Dinophyceae	Suessiales	Symbiodiniaceae	clade C	5661_C
C15sa	Dinoflagellata	Dinophyceae	Suessiales	Symbiodiniaceae	clade C	C15sa
C1a	Dinoflagellata	Dinophyceae	Suessiales	Symbiodiniaceae	clade C	C1a
5792_C	Dinoflagellata	Dinophyceae	Suessiales	Symbiodiniaceae	clade C	5792_C
C3uu	Dinoflagellata	Dinophyceae	Suessiales	Symbiodiniaceae	clade C	C3uu
C50f	Dinoflagellata	Dinophyceae	Suessiales	Symbiodiniaceae	clade C	C50f
C1q	Dinoflagellata	Dinophyceae	Suessiales	Symbiodiniaceae	clade C	C1q
5708_C	Dinoflagellata	Dinophyceae	Suessiales	Symbiodiniaceae	clade C	5708_C
C15kl	Dinoflagellata	Dinophyceae	Suessiales	Symbiodiniaceae	clade C	C15kl
5998_C	Dinoflagellata	Dinophyceae	Suessiales	Symbiodiniaceae	clade C	5998_C
6016_C	Dinoflagellata	Dinophyceae	Suessiales	Symbiodiniaceae	clade C	6016_C
C15lg	Dinoflagellata	Dinophyceae	Suessiales	Symbiodiniaceae	clade C	C15lg
C1lb	Dinoflagellata	Dinophyceae	Suessiales	Symbiodiniaceae	clade C	C1lb
5736_C	Dinoflagellata	Dinophyceae	Suessiales	Symbiodiniaceae	clade C	5736_C
C3n	Dinoflagellata	Dinophyceae	Suessiales	Symbiodiniaceae	clade C	C3n
5855_C	Dinoflagellata	Dinophyceae	Suessiales	Symbiodiniaceae	clade C	5855_C
5954_C	Dinoflagellata	Dinophyceae	Suessiales	Symbiodiniaceae	clade C	5954_C
5976_C	Dinoflagellata	Dinophyceae	Suessiales	Symbiodiniaceae	clade C	5976_C
C93l	Dinoflagellata	Dinophyceae	Suessiales	Symbiodiniaceae	clade C	C93l
5851_C	Dinoflagellata	Dinophyceae	Suessiales	Symbiodiniaceae	clade C	5851_C
C21a	Dinoflagellata	Dinophyceae	Suessiales	Symbiodiniaceae	clade C	C21a
6039_C	Dinoflagellata	Dinophyceae	Suessiales	Symbiodiniaceae	clade C	6039_C
C3ve	Dinoflagellata	Dinophyceae	Suessiales	Symbiodiniaceae	clade C	C3ve
6017_C	Dinoflagellata	Dinophyceae	Suessiales	Symbiodiniaceae	clade C	6017_C
5663_C	Dinoflagellata	Dinophyceae	Suessiales	Symbiodiniaceae	clade C	5663_C
5677_C	Dinoflagellata	Dinophyceae	Suessiales	Symbiodiniaceae	clade C	5677_C
6035_C	Dinoflagellata	Dinophyceae	Suessiales	Symbiodiniaceae	clade C	6035_C
6018_C	Dinoflagellata	Dinophyceae	Suessiales	Symbiodiniaceae	clade C	6018_C
6040_C	Dinoflagellata	Dinophyceae	Suessiales	Symbiodiniaceae	clade C	6040_C
5608_C	Dinoflagellata	Dinophyceae	Suessiales	Symbiodiniaceae	clade C	5608_C
5826_C	Dinoflagellata	Dinophyceae	Suessiales	Symbiodiniaceae	clade C	5826_C
5852_C	Dinoflagellata	Dinophyceae	Suessiales	Symbiodiniaceae	clade C	5852_C
5887_C	Dinoflagellata	Dinophyceae	Suessiales	Symbiodiniaceae	clade C	5887_C
5924_C	Dinoflagellata	Dinophyceae	Suessiales	Symbiodiniaceae	clade C	5924_C
6038_C	Dinoflagellata	Dinophyceae	Suessiales	Symbiodiniaceae	clade C	6038_C
C1cy	Dinoflagellata	Dinophyceae	Suessiales	Symbiodiniaceae	clade C	C1cy
C16c	Dinoflagellata	Dinophyceae	Suessiales	Symbiodiniaceae	clade C	C16c
C3mo	Dinoflagellata	Dinophyceae	Suessiales	Symbiodiniaceae	clade C	C3mo
5907_C	Dinoflagellata	Dinophyceae	Suessiales	Symbiodiniaceae	clade C	5907_C
5794_C	Dinoflagellata	Dinophyceae	Suessiales	Symbiodiniaceae	clade C	5794_C
C39o	Dinoflagellata	Dinophyceae	Suessiales	Symbiodiniaceae	clade C	C39o
C1av	Dinoflagellata	Dinophyceae	Suessiales	Symbiodiniaceae	clade C	C1av
5853_C	Dinoflagellata	Dinophyceae	Suessiales	Symbiodiniaceae	clade C	5853_C
C21ef	Dinoflagellata	Dinophyceae	Suessiales	Symbiodiniaceae	clade C	C21ef
5955_C	Dinoflagellata	Dinophyceae	Suessiales	Symbiodiniaceae	clade C	5955_C
5827_C	Dinoflagellata	Dinophyceae	Suessiales	Symbiodiniaceae	clade C	5827_C
5854_C	Dinoflagellata	Dinophyceae	Suessiales	Symbiodiniaceae	clade C	5854_C
5949_C	Dinoflagellata	Dinophyceae	Suessiales	Symbiodiniaceae	clade C	5949_C
14970_C	Dinoflagellata	Dinophyceae	Suessiales	Symbiodiniaceae	clade C	14970_C
5617_C	Dinoflagellata	Dinophyceae	Suessiales	Symbiodiniaceae	clade C	5617_C
5956_C	Dinoflagellata	Dinophyceae	Suessiales	Symbiodiniaceae	clade C	5956_C
21142_C	Dinoflagellata	Dinophyceae	Suessiales	Symbiodiniaceae	clade C	21142_C
5679_C	Dinoflagellata	Dinophyceae	Suessiales	Symbiodiniaceae	clade C	5679_C
5795_C	Dinoflagellata	Dinophyceae	Suessiales	Symbiodiniaceae	clade C	5795_C
5796_C	Dinoflagellata	Dinophyceae	Suessiales	Symbiodiniaceae	clade C	5796_C
5674_C	Dinoflagellata	Dinophyceae	Suessiales	Symbiodiniaceae	clade C	5674_C
5957_C	Dinoflagellata	Dinophyceae	Suessiales	Symbiodiniaceae	clade C	5957_C
5797_C	Dinoflagellata	Dinophyceae	Suessiales	Symbiodiniaceae	clade C	5797_C
5798_C	Dinoflagellata	Dinophyceae	Suessiales	Symbiodiniaceae	clade C	5798_C
5958_C	Dinoflagellata	Dinophyceae	Suessiales	Symbiodiniaceae	clade C	5958_C
C56	Dinoflagellata	Dinophyceae	Suessiales	Symbiodiniaceae	clade C	C56
6051_C	Dinoflagellata	Dinophyceae	Suessiales	Symbiodiniaceae	clade C	6051_C
5987_C	Dinoflagellata	Dinophyceae	Suessiales	Symbiodiniaceae	clade C	5987_C
C66be	Dinoflagellata	Dinophyceae	Suessiales	Symbiodiniaceae	clade C	C66be
5799_C	Dinoflagellata	Dinophyceae	Suessiales	Symbiodiniaceae	clade C	5799_C
6050_C	Dinoflagellata	Dinophyceae	Suessiales	Symbiodiniaceae	clade C	6050_C
C1my	Dinoflagellata	Dinophyceae	Suessiales	Symbiodiniaceae	clade C	C1my
5642_C	Dinoflagellata	Dinophyceae	Suessiales	Symbiodiniaceae	clade C	5642_C
5680_C	Dinoflagellata	Dinophyceae	Suessiales	Symbiodiniaceae	clade C	5680_C
5969_C	Dinoflagellata	Dinophyceae	Suessiales	Symbiodiniaceae	clade C	5969_C
5970_C	Dinoflagellata	Dinophyceae	Suessiales	Symbiodiniaceae	clade C	5970_C
5682_C	Dinoflagellata	Dinophyceae	Suessiales	Symbiodiniaceae	clade C	5682_C
5681_C	Dinoflagellata	Dinophyceae	Suessiales	Symbiodiniaceae	clade C	5681_C
C1ca	Dinoflagellata	Dinophyceae	Suessiales	Symbiodiniaceae	clade C	C1ca
5683_C	Dinoflagellata	Dinophyceae	Suessiales	Symbiodiniaceae	clade C	5683_C
5641_C	Dinoflagellata	Dinophyceae	Suessiales	Symbiodiniaceae	clade C	5641_C
5686_C	Dinoflagellata	Dinophyceae	Suessiales	Symbiodiniaceae	clade C	5686_C
5684_C	Dinoflagellata	Dinophyceae	Suessiales	Symbiodiniaceae	clade C	5684_C
5971_C	Dinoflagellata	Dinophyceae	Suessiales	Symbiodiniaceae	clade C	5971_C
6030_C	Dinoflagellata	Dinophyceae	Suessiales	Symbiodiniaceae	clade C	6030_C
6029_C	Dinoflagellata	Dinophyceae	Suessiales	Symbiodiniaceae	clade C	6029_C
6028_C	Dinoflagellata	Dinophyceae	Suessiales	Symbiodiniaceae	clade C	6028_C
5973_C	Dinoflagellata	Dinophyceae	Suessiales	Symbiodiniaceae	clade C	5973_C
5972_C	Dinoflagellata	Dinophyceae	Suessiales	Symbiodiniaceae	clade C	5972_C
C3lu	Dinoflagellata	Dinophyceae	Suessiales	Symbiodiniaceae	clade C	C3lu
5685_C	Dinoflagellata	Dinophyceae	Suessiales	Symbiodiniaceae	clade C	5685_C
5808_C	Dinoflagellata	Dinophyceae	Suessiales	Symbiodiniaceae	clade C	5808_C
5975_C	Dinoflagellata	Dinophyceae	Suessiales	Symbiodiniaceae	clade C	5975_C
5974_C	Dinoflagellata	Dinophyceae	Suessiales	Symbiodiniaceae	clade C	5974_C
5809_C	Dinoflagellata	Dinophyceae	Suessiales	Symbiodiniaceae	clade C	5809_C
C1am	Dinoflagellata	Dinophyceae	Suessiales	Symbiodiniaceae	clade C	C1am
5813_C	Dinoflagellata	Dinophyceae	Suessiales	Symbiodiniaceae	clade C	5813_C
5812_C	Dinoflagellata	Dinophyceae	Suessiales	Symbiodiniaceae	clade C	5812_C
5811_C	Dinoflagellata	Dinophyceae	Suessiales	Symbiodiniaceae	clade C	5811_C
5810_C	Dinoflagellata	Dinophyceae	Suessiales	Symbiodiniaceae	clade C	5810_C
6031_C	Dinoflagellata	Dinophyceae	Suessiales	Symbiodiniaceae	clade C	6031_C
5814_C	Dinoflagellata	Dinophyceae	Suessiales	Symbiodiniaceae	clade C	5814_C
C3nb	Dinoflagellata	Dinophyceae	Suessiales	Symbiodiniaceae	clade C	C3nb
6057_C	Dinoflagellata	Dinophyceae	Suessiales	Symbiodiniaceae	clade C	6057_C
5753_C	Dinoflagellata	Dinophyceae	Suessiales	Symbiodiniaceae	clade C	5753_C
5816_C	Dinoflagellata	Dinophyceae	Suessiales	Symbiodiniaceae	clade C	5816_C
5815_C	Dinoflagellata	Dinophyceae	Suessiales	Symbiodiniaceae	clade C	5815_C
D1	Dinoflagellata	Dinophyceae	Suessiales	Symbiodiniaceae	clade D	D1
D4	Dinoflagellata	Dinophyceae	Suessiales	Symbiodiniaceae	clade D	D4
D1c	Dinoflagellata	Dinophyceae	Suessiales	Symbiodiniaceae	clade D	D1c
D4f	Dinoflagellata	Dinophyceae	Suessiales	Symbiodiniaceae	clade D	D4f
D4c	Dinoflagellata	Dinophyceae	Suessiales	Symbiodiniaceae	clade D	D4c
5585_D	Dinoflagellata	Dinophyceae	Suessiales	Symbiodiniaceae	clade D	5585_D
D9	Dinoflagellata	Dinophyceae	Suessiales	Symbiodiniaceae	clade D	D9
D3b	Dinoflagellata	Dinophyceae	Suessiales	Symbiodiniaceae	clade D	D3b
D1di	Dinoflagellata	Dinophyceae	Suessiales	Symbiodiniaceae	clade D	D1di
D1ke	Dinoflagellata	Dinophyceae	Suessiales	Symbiodiniaceae	clade D	D1ke
D2	Dinoflagellata	Dinophyceae	Suessiales	Symbiodiniaceae	clade D	D2
5606_D	Dinoflagellata	Dinophyceae	Suessiales	Symbiodiniaceae	clade D	5606_D
5618_D	Dinoflagellata	Dinophyceae	Suessiales	Symbiodiniaceae	clade D	5618_D
5584_D	Dinoflagellata	Dinophyceae	Suessiales	Symbiodiniaceae	clade D	5584_D
D1ad	Dinoflagellata	Dinophyceae	Suessiales	Symbiodiniaceae	clade D	D1ad
D4l	Dinoflagellata	Dinophyceae	Suessiales	Symbiodiniaceae	clade D	D4l
5664_D	Dinoflagellata	Dinophyceae	Suessiales	Symbiodiniaceae	clade D	5664_D
5611_D	Dinoflagellata	Dinophyceae	Suessiales	Symbiodiniaceae	clade D	5611_D
5612_D	Dinoflagellata	Dinophyceae	Suessiales	Symbiodiniaceae	clade D	5612_D
5692_D	Dinoflagellata	Dinophyceae	Suessiales	Symbiodiniaceae	clade D	5692_D
D4ca	Dinoflagellata	Dinophyceae	Suessiales	Symbiodiniaceae	clade D	D4ca
D6	Dinoflagellata	Dinophyceae	Suessiales	Symbiodiniaceae	clade D	D6
D10	Dinoflagellata	Dinophyceae	Suessiales	Symbiodiniaceae	clade D	D10
D8	Dinoflagellata	Dinophyceae	Suessiales	Symbiodiniaceae	clade D	D8
5856_D	Dinoflagellata	Dinophyceae	Suessiales	Symbiodiniaceae	clade D	5856_D
5666_D	Dinoflagellata	Dinophyceae	Suessiales	Symbiodiniaceae	clade D	5666_D
5693_D	Dinoflagellata	Dinophyceae	Suessiales	Symbiodiniaceae	clade D	5693_D
D1r	Dinoflagellata	Dinophyceae	Suessiales	Symbiodiniaceae	clade D	D1r
D17p	Dinoflagellata	Dinophyceae	Suessiales	Symbiodiniaceae	clade D	D17p
D1h	Dinoflagellata	Dinophyceae	Suessiales	Symbiodiniaceae	clade D	D1h
5849_D	Dinoflagellata	Dinophyceae	Suessiales	Symbiodiniaceae	clade D	5849_D
D17o	Dinoflagellata	Dinophyceae	Suessiales	Symbiodiniaceae	clade D	D17o
D2.2	Dinoflagellata	Dinophyceae	Suessiales	Symbiodiniaceae	clade D	D2.2
5959_D	Dinoflagellata	Dinophyceae	Suessiales	Symbiodiniaceae	clade D	5959_D
D17c	Dinoflagellata	Dinophyceae	Suessiales	Symbiodiniaceae	clade D	D17c
5619_D	Dinoflagellata	Dinophyceae	Suessiales	Symbiodiniaceae	clade D	5619_D
5908_D	Dinoflagellata	Dinophyceae	Suessiales	Symbiodiniaceae	clade D	5908_D
D5m	Dinoflagellata	Dinophyceae	Suessiales	Symbiodiniaceae	clade D	D5m
5710_D	Dinoflagellata	Dinophyceae	Suessiales	Symbiodiniaceae	clade D	5710_D
5709_D	Dinoflagellata	Dinophyceae	Suessiales	Symbiodiniaceae	clade D	5709_D
D5	Dinoflagellata	Dinophyceae	Suessiales	Symbiodiniaceae	clade D	D5
D17aj	Dinoflagellata	Dinophyceae	Suessiales	Symbiodiniaceae	clade D	D17aj
5711_D	Dinoflagellata	Dinophyceae	Suessiales	Symbiodiniaceae	clade D	5711_D
D17ai	Dinoflagellata	Dinophyceae	Suessiales	Symbiodiniaceae	clade D	D17ai
5933_D	Dinoflagellata	Dinophyceae	Suessiales	Symbiodiniaceae	clade D	5933_D
8034_D	Dinoflagellata	Dinophyceae	Suessiales	Symbiodiniaceae	clade D	8034_D
5712_D	Dinoflagellata	Dinophyceae	Suessiales	Symbiodiniaceae	clade D	5712_D
D17q	Dinoflagellata	Dinophyceae	Suessiales	Symbiodiniaceae	clade D	D17q
5713_D	Dinoflagellata	Dinophyceae	Suessiales	Symbiodiniaceae	clade D	5713_D
5714_D	Dinoflagellata	Dinophyceae	Suessiales	Symbiodiniaceae	clade D	5714_D
5934_D	Dinoflagellata	Dinophyceae	Suessiales	Symbiodiniaceae	clade D	5934_D
5999_D	Dinoflagellata	Dinophyceae	Suessiales	Symbiodiniaceae	clade D	5999_D
5935_D	Dinoflagellata	Dinophyceae	Suessiales	Symbiodiniaceae	clade D	5935_D
5586_D	Dinoflagellata	Dinophyceae	Suessiales	Symbiodiniaceae	clade D	5586_D
6041_D	Dinoflagellata	Dinophyceae	Suessiales	Symbiodiniaceae	clade D	6041_D
5665_D	Dinoflagellata	Dinophyceae	Suessiales	Symbiodiniaceae	clade D	5665_D
D1fb	Dinoflagellata	Dinophyceae	Suessiales	Symbiodiniaceae	clade D	D1fb
5715_D	Dinoflagellata	Dinophyceae	Suessiales	Symbiodiniaceae	clade D	5715_D
5620_D	Dinoflagellata	Dinophyceae	Suessiales	Symbiodiniaceae	clade D	5620_D
D4bc	Dinoflagellata	Dinophyceae	Suessiales	Symbiodiniaceae	clade D	D4bc
D4i	Dinoflagellata	Dinophyceae	Suessiales	Symbiodiniaceae	clade D	D4i
D1b	Dinoflagellata	Dinophyceae	Suessiales	Symbiodiniaceae	clade D	D1b
5936_D	Dinoflagellata	Dinophyceae	Suessiales	Symbiodiniaceae	clade D	5936_D
6121_D	Dinoflagellata	Dinophyceae	Suessiales	Symbiodiniaceae	clade D	6121_D
6042_D	Dinoflagellata	Dinophyceae	Suessiales	Symbiodiniaceae	clade D	6042_D
5716_D	Dinoflagellata	Dinophyceae	Suessiales	Symbiodiniaceae	clade D	5716_D
5717_D	Dinoflagellata	Dinophyceae	Suessiales	Symbiodiniaceae	clade D	5717_D
5937_D	Dinoflagellata	Dinophyceae	Suessiales	Symbiodiniaceae	clade D	5937_D
D4ae	Dinoflagellata	Dinophyceae	Suessiales	Symbiodiniaceae	clade D	D4ae
24341_D	Dinoflagellata	Dinophyceae	Suessiales	Symbiodiniaceae	clade D	24341_D
6000_D	Dinoflagellata	Dinophyceae	Suessiales	Symbiodiniaceae	clade D	6000_D
D4ar	Dinoflagellata	Dinophyceae	Suessiales	Symbiodiniaceae	clade D	D4ar
24342_D	Dinoflagellata	Dinophyceae	Suessiales	Symbiodiniaceae	clade D	24342_D
F5.1	Dinoflagellata	Dinophyceae	Suessiales	Symbiodiniaceae	clade F	F5.1
5621_F	Dinoflagellata	Dinophyceae	Suessiales	Symbiodiniaceae	clade F	5621_F
F3w	Dinoflagellata	Dinophyceae	Suessiales	Symbiodiniaceae	clade F	F3w
F5.1a/F5u	Dinoflagellata	Dinophyceae	Suessiales	Symbiodiniaceae	clade F	F5.1a/F5u
5588_F	Dinoflagellata	Dinophyceae	Suessiales	Symbiodiniaceae	clade F	5588_F
5643_F	Dinoflagellata	Dinophyceae	Suessiales	Symbiodiniaceae	clade F	5643_F
5644_F	Dinoflagellata	Dinophyceae	Suessiales	Symbiodiniaceae	clade F	5644_F
5645_F	Dinoflagellata	Dinophyceae	Suessiales	Symbiodiniaceae	clade F	5645_F
5688_F	Dinoflagellata	Dinophyceae	Suessiales	Symbiodiniaceae	clade F	5688_F
F5.2d	Dinoflagellata	Dinophyceae	Suessiales	Symbiodiniaceae	clade F	F5.2d
F3.1	Dinoflagellata	Dinophyceae	Suessiales	Symbiodiniaceae	clade F	F3.1
5741_F	Dinoflagellata	Dinophyceae	Suessiales	Symbiodiniaceae	clade F	5741_F
5844_F	Dinoflagellata	Dinophyceae	Suessiales	Symbiodiniaceae	clade F	5844_F
F5.2	Dinoflagellata	Dinophyceae	Suessiales	Symbiodiniaceae	clade F	F5.2
F3m	Dinoflagellata	Dinophyceae	Suessiales	Symbiodiniaceae	clade F	F3m
5687_F	Dinoflagellata	Dinophyceae	Suessiales	Symbiodiniaceae	clade F	5687_F
F5.2c	Dinoflagellata	Dinophyceae	Suessiales	Symbiodiniaceae	clade F	F5.2c
F5ab	Dinoflagellata	Dinophyceae	Suessiales	Symbiodiniaceae	clade F	F5ab
5647_F	Dinoflagellata	Dinophyceae	Suessiales	Symbiodiniaceae	clade F	5647_F
5668_F	Dinoflagellata	Dinophyceae	Suessiales	Symbiodiniaceae	clade F	5668_F
5801_F	Dinoflagellata	Dinophyceae	Suessiales	Symbiodiniaceae	clade F	5801_F
5694_F	Dinoflagellata	Dinophyceae	Suessiales	Symbiodiniaceae	clade F	5694_F
5738_F	Dinoflagellata	Dinophyceae	Suessiales	Symbiodiniaceae	clade F	5738_F
5846_F	Dinoflagellata	Dinophyceae	Suessiales	Symbiodiniaceae	clade F	5846_F
5845_F	Dinoflagellata	Dinophyceae	Suessiales	Symbiodiniaceae	clade F	5845_F
5828_F	Dinoflagellata	Dinophyceae	Suessiales	Symbiodiniaceae	clade F	5828_F
6012_F	Dinoflagellata	Dinophyceae	Suessiales	Symbiodiniaceae	clade F	6012_F
5800_F	Dinoflagellata	Dinophyceae	Suessiales	Symbiodiniaceae	clade F	5800_F
F5x	Dinoflagellata	Dinophyceae	Suessiales	Symbiodiniaceae	clade F	F5x
F5c	Dinoflagellata	Dinophyceae	Suessiales	Symbiodiniaceae	clade F	F5c
5888_F	Dinoflagellata	Dinophyceae	Suessiales	Symbiodiniaceae	clade F	5888_F
5646_F	Dinoflagellata	Dinophyceae	Suessiales	Symbiodiniaceae	clade F	5646_F
5675_F	Dinoflagellata	Dinophyceae	Suessiales	Symbiodiniaceae	clade F	5675_F
5667_F	Dinoflagellata	Dinophyceae	Suessiales	Symbiodiniaceae	clade F	5667_F
5803_F	Dinoflagellata	Dinophyceae	Suessiales	Symbiodiniaceae	clade F	5803_F
5847_F	Dinoflagellata	Dinophyceae	Suessiales	Symbiodiniaceae	clade F	5847_F
5802_F	Dinoflagellata	Dinophyceae	Suessiales	Symbiodiniaceae	clade F	5802_F
F5an	Dinoflagellata	Dinophyceae	Suessiales	Symbiodiniaceae	clade F	F5an
5676_F	Dinoflagellata	Dinophyceae	Suessiales	Symbiodiniaceae	clade F	5676_F
5648_F	Dinoflagellata	Dinophyceae	Suessiales	Symbiodiniaceae	clade F	5648_F
5589_F	Dinoflagellata	Dinophyceae	Suessiales	Symbiodiniaceae	clade F	5589_F
5805_F	Dinoflagellata	Dinophyceae	Suessiales	Symbiodiniaceae	clade F	5805_F
5806_F	Dinoflagellata	Dinophyceae	Suessiales	Symbiodiniaceae	clade F	5806_F
5804_F	Dinoflagellata	Dinophyceae	Suessiales	Symbiodiniaceae	clade F	5804_F
5889_F	Dinoflagellata	Dinophyceae	Suessiales	Symbiodiniaceae	clade F	5889_F
5807_F	Dinoflagellata	Dinophyceae	Suessiales	Symbiodiniaceae	clade F	5807_F
5848_F	Dinoflagellata	Dinophyceae	Suessiales	Symbiodiniaceae	clade F	5848_F
5623_F	Dinoflagellata	Dinophyceae	Suessiales	Symbiodiniaceae	clade F	5623_F
5857_F	Dinoflagellata	Dinophyceae	Suessiales	Symbiodiniaceae	clade F	5857_F
6013_F	Dinoflagellata	Dinophyceae	Suessiales	Symbiodiniaceae	clade F	6013_F
5960_F	Dinoflagellata	Dinophyceae	Suessiales	Symbiodiniaceae	clade F	5960_F
F3.1a	Dinoflagellata	Dinophyceae	Suessiales	Symbiodiniaceae	clade F	F3.1a
5721_F	Dinoflagellata	Dinophyceae	Suessiales	Symbiodiniaceae	clade F	5721_F
F5.2b	Dinoflagellata	Dinophyceae	Suessiales	Symbiodiniaceae	clade F	F5.2b
5992_F	Dinoflagellata	Dinophyceae	Suessiales	Symbiodiniaceae	clade F	5992_F
5587_F	Dinoflagellata	Dinophyceae	Suessiales	Symbiodiniaceae	clade F	5587_F
5622_F	Dinoflagellata	Dinophyceae	Suessiales	Symbiodiniaceae	clade F	5622_F
5830_F	Dinoflagellata	Dinophyceae	Suessiales	Symbiodiniaceae	clade F	5830_F
5858_F	Dinoflagellata	Dinophyceae	Suessiales	Symbiodiniaceae	clade F	5858_F
5859_F	Dinoflagellata	Dinophyceae	Suessiales	Symbiodiniaceae	clade F	5859_F
5831_F	Dinoflagellata	Dinophyceae	Suessiales	Symbiodiniaceae	clade F	5831_F
5833_F	Dinoflagellata	Dinophyceae	Suessiales	Symbiodiniaceae	clade F	5833_F
5739_F	Dinoflagellata	Dinophyceae	Suessiales	Symbiodiniaceae	clade F	5739_F
6019_F	Dinoflagellata	Dinophyceae	Suessiales	Symbiodiniaceae	clade F	6019_F
5860_F	Dinoflagellata	Dinophyceae	Suessiales	Symbiodiniaceae	clade F	5860_F
5829_F	Dinoflagellata	Dinophyceae	Suessiales	Symbiodiniaceae	clade F	5829_F
5939_F	Dinoflagellata	Dinophyceae	Suessiales	Symbiodiniaceae	clade F	5939_F
5740_F	Dinoflagellata	Dinophyceae	Suessiales	Symbiodiniaceae	clade F	5740_F
5862_F	Dinoflagellata	Dinophyceae	Suessiales	Symbiodiniaceae	clade F	5862_F
5861_F	Dinoflagellata	Dinophyceae	Suessiales	Symbiodiniaceae	clade F	5861_F
F5w	Dinoflagellata	Dinophyceae	Suessiales	Symbiodiniaceae	clade F	F5w
5890_F	Dinoflagellata	Dinophyceae	Suessiales	Symbiodiniaceae	clade F	5890_F
6001_F	Dinoflagellata	Dinophyceae	Suessiales	Symbiodiniaceae	clade F	6001_F
5742_F	Dinoflagellata	Dinophyceae	Suessiales	Symbiodiniaceae	clade F	5742_F
5832_F	Dinoflagellata	Dinophyceae	Suessiales	Symbiodiniaceae	clade F	5832_F
5864_F	Dinoflagellata	Dinophyceae	Suessiales	Symbiodiniaceae	clade F	5864_F
5863_F	Dinoflagellata	Dinophyceae	Suessiales	Symbiodiniaceae	clade F	5863_F
5722_F	Dinoflagellata	Dinophyceae	Suessiales	Symbiodiniaceae	clade F	5722_F
5892_F	Dinoflagellata	Dinophyceae	Suessiales	Symbiodiniaceae	clade F	5892_F
6020_F	Dinoflagellata	Dinophyceae	Suessiales	Symbiodiniaceae	clade F	6020_F
6021_F	Dinoflagellata	Dinophyceae	Suessiales	Symbiodiniaceae	clade F	6021_F
5835_F	Dinoflagellata	Dinophyceae	Suessiales	Symbiodiniaceae	clade F	5835_F
5834_F	Dinoflagellata	Dinophyceae	Suessiales	Symbiodiniaceae	clade F	5834_F
6022_F	Dinoflagellata	Dinophyceae	Suessiales	Symbiodiniaceae	clade F	6022_F
5891_F	Dinoflagellata	Dinophyceae	Suessiales	Symbiodiniaceae	clade F	5891_F
6023_F	Dinoflagellata	Dinophyceae	Suessiales	Symbiodiniaceae	clade F	6023_F
5895_F	Dinoflagellata	Dinophyceae	Suessiales	Symbiodiniaceae	clade F	5895_F
5894_F	Dinoflagellata	Dinophyceae	Suessiales	Symbiodiniaceae	clade F	5894_F
5893_F	Dinoflagellata	Dinophyceae	Suessiales	Symbiodiniaceae	clade F	5893_F
5836_F	Dinoflagellata	Dinophyceae	Suessiales	Symbiodiniaceae	clade F	5836_F
5867_F	Dinoflagellata	Dinophyceae	Suessiales	Symbiodiniaceae	clade F	5867_F
5866_F	Dinoflagellata	Dinophyceae	Suessiales	Symbiodiniaceae	clade F	5866_F
5865_F	Dinoflagellata	Dinophyceae	Suessiales	Symbiodiniaceae	clade F	5865_F
5720_F	Dinoflagellata	Dinophyceae	Suessiales	Symbiodiniaceae	clade F	5720_F
5938_F	Dinoflagellata	Dinophyceae	Suessiales	Symbiodiniaceae	clade F	5938_F
5743_F	Dinoflagellata	Dinophyceae	Suessiales	Symbiodiniaceae	clade F	5743_F
5837_F	Dinoflagellata	Dinophyceae	Suessiales	Symbiodiniaceae	clade F	5837_F
5896_F	Dinoflagellata	Dinophyceae	Suessiales	Symbiodiniaceae	clade F	5896_F
6054_F	Dinoflagellata	Dinophyceae	Suessiales	Symbiodiniaceae	clade F	6054_F
5925_F	Dinoflagellata	Dinophyceae	Suessiales	Symbiodiniaceae	clade F	5925_F
5869_F	Dinoflagellata	Dinophyceae	Suessiales	Symbiodiniaceae	clade F	5869_F
5868_F	Dinoflagellata	Dinophyceae	Suessiales	Symbiodiniaceae	clade F	5868_F
5744_F	Dinoflagellata	Dinophyceae	Suessiales	Symbiodiniaceae	clade F	5744_F
5758_F	Dinoflagellata	Dinophyceae	Suessiales	Symbiodiniaceae	clade F	5758_F
5897_F	Dinoflagellata	Dinophyceae	Suessiales	Symbiodiniaceae	clade F	5897_F
5745_F	Dinoflagellata	Dinophyceae	Suessiales	Symbiodiniaceae	clade F	5745_F
5590_F	Dinoflagellata	Dinophyceae	Suessiales	Symbiodiniaceae	clade F	5590_F
24343_F	Dinoflagellata	Dinophyceae	Suessiales	Symbiodiniaceae	clade F	24343_F
5871_F	Dinoflagellata	Dinophyceae	Suessiales	Symbiodiniaceae	clade F	5871_F
5870_F	Dinoflagellata	Dinophyceae	Suessiales	Symbiodiniaceae	clade F	5870_F
5977_F	Dinoflagellata	Dinophyceae	Suessiales	Symbiodiniaceae	clade F	5977_F
6002_F	Dinoflagellata	Dinophyceae	Suessiales	Symbiodiniaceae	clade F	6002_F
24344_F	Dinoflagellata	Dinophyceae	Suessiales	Symbiodiniaceae	clade F	24344_F
5940_F	Dinoflagellata	Dinophyceae	Suessiales	Symbiodiniaceae	clade F	5940_F
9069_F	Dinoflagellata	Dinophyceae	Suessiales	Symbiodiniaceae	clade F	9069_F
5941_F	Dinoflagellata	Dinophyceae	Suessiales	Symbiodiniaceae	clade F	5941_F
9337_F	Dinoflagellata	Dinophyceae	Suessiales	Symbiodiniaceae	clade F	9337_F
24345_F	Dinoflagellata	Dinophyceae	Suessiales	Symbiodiniaceae	clade F	24345_F
5926_F	Dinoflagellata	Dinophyceae	Suessiales	Symbiodiniaceae	clade F	5926_F
5942_F	Dinoflagellata	Dinophyceae	Suessiales	Symbiodiniaceae	clade F	5942_F
5725_F	Dinoflagellata	Dinophyceae	Suessiales	Symbiodiniaceae	clade F	5725_F
5724_F	Dinoflagellata	Dinophyceae	Suessiales	Symbiodiniaceae	clade F	5724_F
5723_F	Dinoflagellata	Dinophyceae	Suessiales	Symbiodiniaceae	clade F	5723_F
24346_F	Dinoflagellata	Dinophyceae	Suessiales	Symbiodiniaceae	clade F	24346_F
8612_F	Dinoflagellata	Dinophyceae	Suessiales	Symbiodiniaceae	clade F	8612_F
5943_F	Dinoflagellata	Dinophyceae	Suessiales	Symbiodiniaceae	clade F	5943_F
5909_F	Dinoflagellata	Dinophyceae	Suessiales	Symbiodiniaceae	clade F	5909_F
6055_F	Dinoflagellata	Dinophyceae	Suessiales	Symbiodiniaceae	clade F	6055_F
5928_F	Dinoflagellata	Dinophyceae	Suessiales	Symbiodiniaceae	clade F	5928_F
5927_F	Dinoflagellata	Dinophyceae	Suessiales	Symbiodiniaceae	clade F	5927_F
24347_F	Dinoflagellata	Dinophyceae	Suessiales	Symbiodiniaceae	clade F	24347_F
6003_F	Dinoflagellata	Dinophyceae	Suessiales	Symbiodiniaceae	clade F	6003_F
5944_F	Dinoflagellata	Dinophyceae	Suessiales	Symbiodiniaceae	clade F	5944_F
6004_F	Dinoflagellata	Dinophyceae	Suessiales	Symbiodiniaceae	clade F	6004_F
5929_F	Dinoflagellata	Dinophyceae	Suessiales	Symbiodiniaceae	clade F	5929_F
6005_F	Dinoflagellata	Dinophyceae	Suessiales	Symbiodiniaceae	clade F	6005_F
6006_F	Dinoflagellata	Dinophyceae	Suessiales	Symbiodiniaceae	clade F	6006_F
24348_F	Dinoflagellata	Dinophyceae	Suessiales	Symbiodiniaceae	clade F	24348_F
24349_F	Dinoflagellata	Dinophyceae	Suessiales	Symbiodiniaceae	clade F	24349_F
24350_F	Dinoflagellata	Dinophyceae	Suessiales	Symbiodiniaceae	clade F	24350_F
5672_H	Dinoflagellata	Dinophyceae	Suessiales	Symbiodiniaceae	clade H	5672_H
H2	Dinoflagellata	Dinophyceae	Suessiales	Symbiodiniaceae	clade H	H2
94213_H	Dinoflagellata	Dinophyceae	Suessiales	Symbiodiniaceae	clade H	94213_H
5946_H	Dinoflagellata	Dinophyceae	Suessiales	Symbiodiniaceae	clade H	5946_H
5947_H	Dinoflagellata	Dinophyceae	Suessiales	Symbiodiniaceae	clade H	5947_H
5948_H	Dinoflagellata	Dinophyceae	Suessiales	Symbiodiniaceae	clade H	5948_H
I4f	Dinoflagellata	Dinophyceae	Suessiales	Symbiodiniaceae	clade I	I4f
5572_I	Dinoflagellata	Dinophyceae	Suessiales	Symbiodiniaceae	clade I	5572_I
5734_I	Dinoflagellata	Dinophyceae	Suessiales	Symbiodiniaceae	clade I	5734_I
5659_I	Dinoflagellata	Dinophyceae	Suessiales	Symbiodiniaceae	clade I	5659_I
5884_I	Dinoflagellata	Dinophyceae	Suessiales	Symbiodiniaceae	clade I	5884_I
I2f	Dinoflagellata	Dinophyceae	Suessiales	Symbiodiniaceae	clade I	I2f
5673_I	Dinoflagellata	Dinophyceae	Suessiales	Symbiodiniaceae	clade I	5673_I
5748_I	Dinoflagellata	Dinophyceae	Suessiales	Symbiodiniaceae	clade I	5748_I
5613_I	Dinoflagellata	Dinophyceae	Suessiales	Symbiodiniaceae	clade I	5613_I
5820_I	Dinoflagellata	Dinophyceae	Suessiales	Symbiodiniaceae	clade I	5820_I
5821_I	Dinoflagellata	Dinophyceae	Suessiales	Symbiodiniaceae	clade I	5821_I
5660_I	Dinoflagellata	Dinophyceae	Suessiales	Symbiodiniaceae	clade I	5660_I
5885_I	Dinoflagellata	Dinophyceae	Suessiales	Symbiodiniaceae	clade I	5885_I
5850_I	Dinoflagellata	Dinophyceae	Suessiales	Symbiodiniaceae	clade I	5850_I
5655_I	Dinoflagellata	Dinophyceae	Suessiales	Symbiodiniaceae	clade I	5655_I
5750_I	Dinoflagellata	Dinophyceae	Suessiales	Symbiodiniaceae	clade I	5750_I
6014_I	Dinoflagellata	Dinophyceae	Suessiales	Symbiodiniaceae	clade I	6014_I
6032_I	Dinoflagellata	Dinophyceae	Suessiales	Symbiodiniaceae	clade I	6032_I
5573_I	Dinoflagellata	Dinophyceae	Suessiales	Symbiodiniaceae	clade I	5573_I
6015_I	Dinoflagellata	Dinophyceae	Suessiales	Symbiodiniaceae	clade I	6015_I
5823_I	Dinoflagellata	Dinophyceae	Suessiales	Symbiodiniaceae	clade I	5823_I
5822_I	Dinoflagellata	Dinophyceae	Suessiales	Symbiodiniaceae	clade I	5822_I
5749_I	Dinoflagellata	Dinophyceae	Suessiales	Symbiodiniaceae	clade I	5749_I
5994_I	Dinoflagellata	Dinophyceae	Suessiales	Symbiodiniaceae	clade I	5994_I
5886_I	Dinoflagellata	Dinophyceae	Suessiales	Symbiodiniaceae	clade I	5886_I
94216_I	Dinoflagellata	Dinophyceae	Suessiales	Symbiodiniaceae	clade I	94216_I
5751_I	Dinoflagellata	Dinophyceae	Suessiales	Symbiodiniaceae	clade I	5751_I
5824_I	Dinoflagellata	Dinophyceae	Suessiales	Symbiodiniaceae	clade I	5824_I
5986_I	Dinoflagellata	Dinophyceae	Suessiales	Symbiodiniaceae	clade I	5986_I
24340_I	Dinoflagellata	Dinophyceae	Suessiales	Symbiodiniaceae	clade I	24340_I
6044_I	Dinoflagellata	Dinophyceae	Suessiales	Symbiodiniaceae	clade I	6044_I
6033_I	Dinoflagellata	Dinophyceae	Suessiales	Symbiodiniaceae	clade I	6033_I
5574_I	Dinoflagellata	Dinophyceae	Suessiales	Symbiodiniaceae	clade I	5574_I
5932_I	Dinoflagellata	Dinophyceae	Suessiales	Symbiodiniaceae	clade I	5932_I
5575_I	Dinoflagellata	Dinophyceae	Suessiales	Symbiodiniaceae	clade I	5575_I
5657_I	Dinoflagellata	Dinophyceae	Suessiales	Symbiodiniaceae	clade I	5657_I
5656_I	Dinoflagellata	Dinophyceae	Suessiales	Symbiodiniaceae	clade I	5656_I
5658_I	Dinoflagellata	Dinophyceae	Suessiales	Symbiodiniaceae	clade I	5658_I
6034_I	Dinoflagellata	Dinophyceae	Suessiales	Symbiodiniaceae	clade I	6034_I
5793_I	Dinoflagellata	Dinophyceae	Suessiales	Symbiodiniaceae	clade I	5793_I
